CREATE TABLE IF NOT EXISTS django_migrations (id integer NOT NULL PRIMARY KEY AUTO_INCREMENT, app varchar(255) NOT NULL, name varchar(255) NOT NULL, applied datetime NOT NULL);
INSERT INTO django_migrations VALUES(1,'contenttypes','0001_initial','2021-09-23 12:31:16.948036');
INSERT INTO django_migrations VALUES(2,'auth','0001_initial','2021-09-23 12:31:16.982626');
INSERT INTO django_migrations VALUES(3,'admin','0001_initial','2021-09-23 12:31:16.994079');
INSERT INTO django_migrations VALUES(4,'admin','0002_logentry_remove_auto_add','2021-09-23 12:31:17.011835');
INSERT INTO django_migrations VALUES(5,'admin','0003_logentry_add_action_flag_choices','2021-09-23 12:31:17.025200');
INSERT INTO django_migrations VALUES(6,'contenttypes','0002_remove_content_type_name','2021-09-23 12:31:17.047983');
INSERT INTO django_migrations VALUES(7,'auth','0002_alter_permission_name_max_length','2021-09-23 12:31:17.060144');
INSERT INTO django_migrations VALUES(8,'auth','0003_alter_user_email_max_length','2021-09-23 12:31:17.071421');
INSERT INTO django_migrations VALUES(9,'auth','0004_alter_user_username_opts','2021-09-23 12:31:17.080190');
INSERT INTO django_migrations VALUES(10,'auth','0005_alter_user_last_login_null','2021-09-23 12:31:17.092103');
INSERT INTO django_migrations VALUES(11,'auth','0006_require_contenttypes_0002','2021-09-23 12:31:17.094882');
INSERT INTO django_migrations VALUES(12,'auth','0007_alter_validators_add_error_messages','2021-09-23 12:31:17.103362');
INSERT INTO django_migrations VALUES(13,'auth','0008_alter_user_username_max_length','2021-09-23 12:31:17.115492');
INSERT INTO django_migrations VALUES(14,'auth','0009_alter_user_last_name_max_length','2021-09-23 12:31:17.128170');
INSERT INTO django_migrations VALUES(15,'auth','0010_alter_group_name_max_length','2021-09-23 12:31:17.141456');
INSERT INTO django_migrations VALUES(16,'auth','0011_update_proxy_permissions','2021-09-23 12:31:17.150105');
INSERT INTO django_migrations VALUES(17,'auth','0012_alter_user_first_name_max_length','2021-09-23 12:31:17.162269');
INSERT INTO django_migrations VALUES(18,'search_app','0001_initial','2021-09-23 12:31:17.165907');
INSERT INTO django_migrations VALUES(19,'sessions','0001_initial','2021-09-23 12:31:17.172411');
INSERT INTO django_migrations VALUES(20,'search_app','0002_alter_chords_rating','2021-09-29 14:31:30.851309');
CREATE TABLE IF NOT EXISTS auth_group_permissions (id integer NOT NULL PRIMARY KEY AUTO_INCREMENT, group_id integer NOT NULL REFERENCES auth_group (id), permission_id integer NOT NULL REFERENCES auth_permission (id));
CREATE TABLE IF NOT EXISTS auth_user_groups (id integer NOT NULL PRIMARY KEY AUTO_INCREMENT, user_id integer NOT NULL REFERENCES auth_user (id), group_id integer NOT NULL REFERENCES auth_group (id));
CREATE TABLE IF NOT EXISTS auth_user_user_permissions (id integer NOT NULL PRIMARY KEY AUTO_INCREMENT, user_id integer NOT NULL REFERENCES auth_user (id), permission_id integer NOT NULL REFERENCES auth_permission (id));
CREATE TABLE IF NOT EXISTS django_admin_log (id integer NOT NULL PRIMARY KEY AUTO_INCREMENT, action_time datetime NOT NULL, object_id text NULL, object_repr varchar(200) NOT NULL, change_message text NOT NULL, content_type_id integer NULL REFERENCES django_content_type (id), user_id integer NOT NULL REFERENCES auth_user (id), action_flag smallint unsigned NOT NULL CHECK (action_flag >= 0));
CREATE TABLE IF NOT EXISTS django_content_type (id integer NOT NULL PRIMARY KEY AUTO_INCREMENT, app_label varchar(100) NOT NULL, model varchar(100) NOT NULL);
INSERT INTO django_content_type VALUES(1,'search_app','chords');
INSERT INTO django_content_type VALUES(2,'admin','logentry');
INSERT INTO django_content_type VALUES(3,'auth','permission');
INSERT INTO django_content_type VALUES(4,'auth','group');
INSERT INTO django_content_type VALUES(5,'auth','user');
INSERT INTO django_content_type VALUES(6,'contenttypes','contenttype');
INSERT INTO django_content_type VALUES(7,'sessions','session');
CREATE TABLE IF NOT EXISTS auth_permission (id integer NOT NULL PRIMARY KEY AUTO_INCREMENT, content_type_id integer NOT NULL REFERENCES django_content_type (id), codename varchar(100) NOT NULL, name varchar(255) NOT NULL);
INSERT INTO auth_permission VALUES(1,1,'add_chords','Can add chords');
INSERT INTO auth_permission VALUES(2,1,'change_chords','Can change chords');
INSERT INTO auth_permission VALUES(3,1,'delete_chords','Can delete chords');
INSERT INTO auth_permission VALUES(4,1,'view_chords','Can view chords');
INSERT INTO auth_permission VALUES(5,2,'add_logentry','Can add log entry');
INSERT INTO auth_permission VALUES(6,2,'change_logentry','Can change log entry');
INSERT INTO auth_permission VALUES(7,2,'delete_logentry','Can delete log entry');
INSERT INTO auth_permission VALUES(8,2,'view_logentry','Can view log entry');
INSERT INTO auth_permission VALUES(9,3,'add_permission','Can add permission');
INSERT INTO auth_permission VALUES(10,3,'change_permission','Can change permission');
INSERT INTO auth_permission VALUES(11,3,'delete_permission','Can delete permission');
INSERT INTO auth_permission VALUES(12,3,'view_permission','Can view permission');
INSERT INTO auth_permission VALUES(13,4,'add_group','Can add group');
INSERT INTO auth_permission VALUES(14,4,'change_group','Can change group');
INSERT INTO auth_permission VALUES(15,4,'delete_group','Can delete group');
INSERT INTO auth_permission VALUES(16,4,'view_group','Can view group');
INSERT INTO auth_permission VALUES(17,5,'add_user','Can add user');
INSERT INTO auth_permission VALUES(18,5,'change_user','Can change user');
INSERT INTO auth_permission VALUES(19,5,'delete_user','Can delete user');
INSERT INTO auth_permission VALUES(20,5,'view_user','Can view user');
INSERT INTO auth_permission VALUES(21,6,'add_contenttype','Can add content type');
INSERT INTO auth_permission VALUES(22,6,'change_contenttype','Can change content type');
INSERT INTO auth_permission VALUES(23,6,'delete_contenttype','Can delete content type');
INSERT INTO auth_permission VALUES(24,6,'view_contenttype','Can view content type');
INSERT INTO auth_permission VALUES(25,7,'add_session','Can add session');
INSERT INTO auth_permission VALUES(26,7,'change_session','Can change session');
INSERT INTO auth_permission VALUES(27,7,'delete_session','Can delete session');
INSERT INTO auth_permission VALUES(28,7,'view_session','Can view session');
CREATE TABLE IF NOT EXISTS auth_group (id integer NOT NULL PRIMARY KEY AUTO_INCREMENT, name varchar(150) NOT NULL UNIQUE);
CREATE TABLE IF NOT EXISTS auth_user (id integer NOT NULL PRIMARY KEY AUTO_INCREMENT, password varchar(128) NOT NULL, last_login datetime NULL, is_superuser bool NOT NULL, username varchar(150) NOT NULL UNIQUE, last_name varchar(150) NOT NULL, email varchar(254) NOT NULL, is_staff bool NOT NULL, is_active bool NOT NULL, date_joined datetime NOT NULL, first_name varchar(150) NOT NULL);
INSERT INTO auth_user VALUES(1,'pbkdf2_sha256$260000$UDmMJTzqVgvSuHw05yl4ax$6uqH81R2Z3nyS8S+pjjrV+/CCOyAfg5hOBwK84v0UXs=','2021-09-27 17:06:06.490575',1,'nathan','','nathancolmenero@gmail.com',1,1,'2021-09-24 11:25:01.804071','');
CREATE TABLE IF NOT EXISTS search_app_chords (id integer NOT NULL PRIMARY KEY AUTO_INCREMENT, title varchar(50) NOT NULL, artist varchar(50) NOT NULL, genre varchar(50) NOT NULL, rating integer NOT NULL);
INSERT INTO search_app_chords VALUES(1,'Ashes to Ashes','David Bowie','Glam Rock',5);
INSERT INTO search_app_chords VALUES(2,'Bad','Michael Jackson','Pop',5);
CREATE TABLE IF NOT EXISTS django_session (session_key varchar(40) NOT NULL PRIMARY KEY, session_data text NOT NULL, expire_date datetime NOT NULL);
INSERT INTO django_session VALUES('0dait45af9864csk66i4203x3y7h28gl','.eJxVjDsOwjAQBe_iGlny36ak5wzW2ruLA8iR4qRC3B0ipYD2zcx7iQzb2vI2aMkTirNQ4vS7FagP6jvAO_TbLOvc12UqclfkQYe8zkjPy-H-HTQY7VsH67zRqSaLxlgVHWtgzewAgjYpOorRhgAhVgJCXzwrjYCMKZExXrw_zKA3-Q:1mUu4s:iuI44gzL5XnZcUT2KY1Eev4uwuREQ75sfC8-zwoYNCM','2021-10-11 17:06:06.493280');
CREATE UNIQUE INDEX auth_group_permissions_group_id_permission_id_0cd325b0_uniq ON auth_group_permissions (group_id, permission_id);
CREATE INDEX auth_group_permissions_group_id_b120cbf9 ON auth_group_permissions (group_id);
CREATE INDEX auth_group_permissions_permission_id_84c5c92e ON auth_group_permissions (permission_id);
CREATE UNIQUE INDEX auth_user_groups_user_id_group_id_94350c0c_uniq ON auth_user_groups (user_id, group_id);
CREATE INDEX auth_user_groups_user_id_6a12ed8b ON auth_user_groups (user_id);
CREATE INDEX auth_user_groups_group_id_97559544 ON auth_user_groups (group_id);
CREATE UNIQUE INDEX auth_user_user_permissions_user_id_permission_id_14a6b632_uniq ON auth_user_user_permissions (user_id, permission_id);
CREATE INDEX auth_user_user_permissions_user_id_a95ead1b ON auth_user_user_permissions (user_id);
CREATE INDEX auth_user_user_permissions_permission_id_1fbb5f2c ON auth_user_user_permissions (permission_id);
CREATE INDEX django_admin_log_content_type_id_c4bce8eb ON django_admin_log (content_type_id);
CREATE INDEX django_admin_log_user_id_c564eba6 ON django_admin_log (user_id);
CREATE UNIQUE INDEX django_content_type_app_label_model_76bd3d3b_uniq ON django_content_type (app_label, model);
CREATE UNIQUE INDEX auth_permission_content_type_id_codename_01ab375a_uniq ON auth_permission (content_type_id, codename);
CREATE INDEX auth_permission_content_type_id_2f476e4b ON auth_permission (content_type_id);
CREATE INDEX django_session_expire_date_a5c62663 ON django_session (expire_date);
